{"providers":[
	{
		"type": "bitmap",
		"file": "minecraft:pics/logo.png",
		"height": 33,
		"ascent": 33,
		"chars": [
			"😃"
		]
	},
	{
		"type": "bitmap",
		"file": "minecraft:pics/logo.png",
		"height": 6,
		"ascent": 6,
		"chars": [
			"😋"
		]
	},
	{
		"type": "bitmap",
		"file": "minecraft:pics/GladiatorGamesThing.png",
		"height": 75,
		"ascent": 75,
		"chars": [
			"👌"
		]
	},
	{
		"type": "bitmap",
		"file": "minecraft:pics/owners.png",
		"height": 6,
		"ascent": 6,
		"chars": [
			"👾"
		]
	},
	{
		"type": "bitmap",
		"file": "minecraft:pics/developer.png",
		"height": 6,
		"ascent": 6,
		"chars": [
			"🤖"
		]
	},
	{
		"type": "bitmap",
		"file": "minecraft:pics/manager.png",
		"height": 6,
		"ascent": 6,
		"chars": [
			"🎃"
		]
	},
	{
		"type": "bitmap",
		"file": "minecraft:pics/admin.png",
		"height": 6,
		"ascent": 6,
		"chars": [
			"😺"
		]
	},
	{
		"type": "bitmap",
		"file": "minecraft:pics/moderator.png",
		"height": 6,
		"ascent": 6,
		"chars": [
			"😸"
		]
	},
	{
		"type": "bitmap",
		"file": "minecraft:pics/helper.png",
		"height": 6,
		"ascent": 6,
		"chars": [
			"😹"
		]
	},
	{
		"type": "bitmap",
		"file": "minecraft:pics/titan.png",
		"height": 6,
		"ascent": 6,
		"chars": [
			"😻"
		]
	},
	{
		"type": "bitmap",
		"file": "minecraft:pics/legend.png",
		"height": 6,
		"ascent": 6,
		"chars": [
			"😼"
		]
	},
	{
		"type": "bitmap",
		"file": "minecraft:pics/champion.png",
		"height": 6,
		"ascent": 6,
		"chars": [
			"😽"
		]
	},
	{
		"type": "bitmap",
		"file": "minecraft:pics/user.png",
		"height": 6,
		"ascent": 6,
		"chars": [
			"🙀"
		]
	},
	{
		"type": "bitmap",
		"file": "minecraft:pics/Money.png",
		"height": 10,
		"ascent": 10,
		"chars": [
			"💲"
		]
	},
	{
		"type": "bitmap",
		"file": "minecraft:pics/Players.png",
		"height": 10,
		"ascent": 10,
		"chars": [
			"☠"
		]
	},
	{
		"type": "bitmap",
		"file": "minecraft:pics/Grave.png",
		"height": 10,
		"ascent": 10,
		"chars": [
			"💀"
		]
	},
	{
		"type": "bitmap",
		"file": "minecraft:pics/playtime.png",
		"height": 10,
		"ascent": 10,
		"chars": [
			"🕔"
		]
	},
	{
		"type": "bitmap",
		"file": "minecraft:pics/kills.png",
		"height": 10,
		"ascent": 10,
		"chars": [
			"🤺"
		]
	}
]
}